npz_row,cut_index,signal_file,true_vb
0,1,c_1_001.csv,39.64352035522461
1,2,c_1_002.csv,41.73550796508789
2,3,c_1_003.csv,43.7038688659668
3,4,c_1_004.csv,45.59752655029297
4,5,c_1_005.csv,47.44375991821289
5,6,c_1_006.csv,49.22414779663086
6,7,c_1_007.csv,50.94063949584961
7,8,c_1_008.csv,52.59512710571289
8,9,c_1_009.csv,54.1894645690918
9,10,c_1_010.csv,55.725460052490234
10,11,c_1_011.csv,57.20486831665039
11,12,c_1_012.csv,58.62940979003906
12,13,c_1_013.csv,60.000755310058594
13,14,c_1_014.csv,61.32053756713867
14,15,c_1_015.csv,62.5903434753418
15,16,c_1_016.csv,63.81172561645508
16,17,c_1_017.csv,64.98619842529297
17,18,c_1_018.csv,66.11522674560547
18,19,c_1_019.csv,67.20024871826172
19,20,c_1_020.csv,68.24267578125
20,21,c_1_021.csv,69.24385833740234
21,22,c_1_022.csv,70.20513153076172
22,23,c_1_023.csv,71.12779235839844
23,24,c_1_024.csv,72.01309967041016
24,25,c_1_025.csv,72.86228942871094
25,26,c_1_026.csv,73.67655944824219
26,27,c_1_027.csv,74.45707702636719
27,28,c_1_028.csv,75.205078125
28,29,c_1_029.csv,75.94243621826172
29,30,c_1_030.csv,76.66800689697266
30,31,c_1_031.csv,77.38074493408203
31,32,c_1_032.csv,78.07970428466797
32,33,c_1_033.csv,78.76402282714844
33,34,c_1_034.csv,79.43292999267578
34,35,c_1_035.csv,80.08573150634766
35,36,c_1_036.csv,80.72180938720703
36,37,c_1_037.csv,81.34062957763672
37,38,c_1_038.csv,81.94172668457031
38,39,c_1_039.csv,82.52469635009766
39,40,c_1_040.csv,83.08920288085938
40,41,c_1_041.csv,83.63497924804688
41,42,c_1_042.csv,84.16180419921875
42,43,c_1_043.csv,84.66952514648438
43,44,c_1_044.csv,85.15804290771484
44,45,c_1_045.csv,85.62728881835938
45,46,c_1_046.csv,86.07725524902344
46,47,c_1_047.csv,86.50799560546875
47,48,c_1_048.csv,86.91957092285156
48,49,c_1_049.csv,87.31210327148438
49,50,c_1_050.csv,87.68575286865234
50,51,c_1_051.csv,88.04071044921875
51,52,c_1_052.csv,88.377197265625
52,53,c_1_053.csv,88.69546508789062
53,54,c_1_054.csv,88.99580383300781
54,55,c_1_055.csv,89.27851104736328
55,56,c_1_056.csv,89.54393005371094
56,57,c_1_057.csv,89.79241943359375
57,58,c_1_058.csv,90.02434539794922
58,59,c_1_059.csv,90.2401123046875
59,60,c_1_060.csv,90.44012451171875
60,61,c_1_061.csv,90.62483215332031
61,62,c_1_062.csv,90.7946548461914
62,63,c_1_063.csv,90.95006561279297
63,64,c_1_064.csv,91.0915298461914
64,65,c_1_065.csv,91.21951293945312
65,66,c_1_066.csv,91.33451843261719
66,67,c_1_067.csv,91.4370346069336
67,68,c_1_068.csv,91.52755737304688
68,69,c_1_069.csv,91.60659790039062
69,70,c_1_070.csv,91.67465209960938
70,71,c_1_071.csv,91.73224639892578
71,72,c_1_072.csv,91.77989196777344
72,73,c_1_073.csv,91.8180923461914
73,74,c_1_074.csv,91.84737396240234
74,75,c_1_075.csv,91.86823272705078
75,76,c_1_076.csv,91.8812026977539
76,77,c_1_077.csv,91.88687896728516
77,78,c_1_078.csv,91.88839721679688
78,79,c_1_079.csv,91.88839721679688
79,80,c_1_080.csv,91.88839721679688
80,81,c_1_081.csv,91.88839721679688
81,82,c_1_082.csv,91.88839721679688
82,83,c_1_083.csv,91.88839721679688
83,84,c_1_084.csv,91.88839721679688
84,85,c_1_085.csv,91.88839721679688
85,86,c_1_086.csv,91.88839721679688
86,87,c_1_087.csv,91.88839721679688
87,88,c_1_088.csv,91.88839721679688
88,89,c_1_089.csv,91.88839721679688
89,90,c_1_090.csv,91.88839721679688
90,91,c_1_091.csv,91.88839721679688
91,92,c_1_092.csv,91.88839721679688
92,93,c_1_093.csv,91.88839721679688
93,94,c_1_094.csv,91.88839721679688
94,95,c_1_095.csv,91.88839721679688
95,96,c_1_096.csv,91.88839721679688
96,97,c_1_097.csv,91.88839721679688
97,98,c_1_098.csv,91.88839721679688
98,99,c_1_099.csv,91.88839721679688
99,100,c_1_100.csv,91.88839721679688
100,101,c_1_101.csv,91.99348449707031
101,102,c_1_102.csv,92.12454986572266
102,103,c_1_103.csv,92.25519561767578
103,104,c_1_104.csv,92.38528442382812
104,105,c_1_105.csv,92.51464080810547
105,106,c_1_106.csv,92.64312744140625
106,107,c_1_107.csv,92.7706069946289
107,108,c_1_108.csv,92.89693450927734
108,109,c_1_109.csv,93.0219955444336
109,110,c_1_110.csv,93.14566802978516
110,111,c_1_111.csv,93.2678451538086
111,112,c_1_112.csv,93.38841247558594
112,113,c_1_113.csv,93.50728607177734
113,114,c_1_114.csv,93.62437438964844
114,115,c_1_115.csv,93.73959350585938
115,116,c_1_116.csv,93.85286712646484
116,117,c_1_117.csv,93.9641342163086
117,118,c_1_118.csv,94.07332611083984
118,119,c_1_119.csv,94.1803970336914
119,120,c_1_120.csv,94.28530883789062
120,121,c_1_121.csv,94.38800811767578
121,122,c_1_122.csv,94.48846435546875
122,123,c_1_123.csv,94.58666229248047
123,124,c_1_124.csv,94.68257904052734
124,125,c_1_125.csv,94.77619171142578
125,126,c_1_126.csv,94.87902069091797
126,127,c_1_127.csv,95.03217315673828
127,128,c_1_128.csv,95.186767578125
128,129,c_1_129.csv,95.34278106689453
129,130,c_1_130.csv,95.50021362304688
130,131,c_1_131.csv,95.6590576171875
131,132,c_1_132.csv,95.8193130493164
132,133,c_1_133.csv,95.98097229003906
133,134,c_1_134.csv,96.1440200805664
134,135,c_1_135.csv,96.30846405029297
135,136,c_1_136.csv,96.490966796875
136,137,c_1_137.csv,96.7101058959961
137,138,c_1_138.csv,96.93286895751953
138,139,c_1_139.csv,97.15923309326172
139,140,c_1_140.csv,97.38917541503906
140,141,c_1_141.csv,97.6226577758789
141,142,c_1_142.csv,97.85965728759766
142,143,c_1_143.csv,98.10012817382812
143,144,c_1_144.csv,98.34403991699219
144,145,c_1_145.csv,98.59136199951172
145,146,c_1_146.csv,98.84204864501953
146,147,c_1_147.csv,99.0960693359375
147,148,c_1_148.csv,99.3533706665039
148,149,c_1_149.csv,99.6139144897461
149,150,c_1_150.csv,99.87765502929688
150,151,c_1_151.csv,100.14454650878906
151,152,c_1_152.csv,100.41455078125
152,153,c_1_153.csv,100.68761444091797
153,154,c_1_154.csv,100.96369171142578
154,155,c_1_155.csv,101.24272155761719
155,156,c_1_156.csv,101.52467346191406
156,157,c_1_157.csv,101.80947875976562
157,158,c_1_158.csv,102.09709167480469
158,159,c_1_159.csv,102.38746643066406
159,160,c_1_160.csv,102.6805419921875
160,161,c_1_161.csv,102.97626495361328
161,162,c_1_162.csv,103.27458190917969
162,163,c_1_163.csv,103.575439453125
163,164,c_1_164.csv,103.8787841796875
164,165,c_1_165.csv,104.18456268310547
165,166,c_1_166.csv,104.49270629882812
166,167,c_1_167.csv,104.80317687988281
167,168,c_1_168.csv,105.11590576171875
168,169,c_1_169.csv,105.43083953857422
169,170,c_1_170.csv,105.7479248046875
170,171,c_1_171.csv,106.06710815429688
171,172,c_1_172.csv,106.3883285522461
172,173,c_1_173.csv,106.71153259277344
173,174,c_1_174.csv,107.03665924072266
174,175,c_1_175.csv,107.36366271972656
175,176,c_1_176.csv,107.6924819946289
176,177,c_1_177.csv,108.02305603027344
177,178,c_1_178.csv,108.3553466796875
178,179,c_1_179.csv,108.68928527832031
179,180,c_1_180.csv,109.02482604980469
180,181,c_1_181.csv,109.3619155883789
181,182,c_1_182.csv,109.70050048828125
182,183,c_1_183.csv,110.04052734375
183,184,c_1_184.csv,110.38195037841797
184,185,c_1_185.csv,110.72471618652344
185,186,c_1_186.csv,111.06877136230469
186,187,c_1_187.csv,111.41407775878906
187,188,c_1_188.csv,111.76058197021484
188,189,c_1_189.csv,112.10823059082031
189,190,c_1_190.csv,112.45698547363281
190,191,c_1_191.csv,112.80680847167969
191,192,c_1_192.csv,113.15763854980469
192,193,c_1_193.csv,113.50944519042969
193,194,c_1_194.csv,113.86219024658203
194,195,c_1_195.csv,114.2158203125
195,196,c_1_196.csv,114.57030487060547
196,197,c_1_197.csv,114.92561340332031
197,198,c_1_198.csv,115.28169250488281
198,199,c_1_199.csv,115.63851928710938
199,200,c_1_200.csv,115.99605560302734
200,201,c_1_201.csv,116.35426330566406
201,202,c_1_202.csv,116.71311950683594
202,203,c_1_203.csv,117.07259368896484
203,204,c_1_204.csv,117.43266296386719
204,205,c_1_205.csv,117.79328155517578
205,206,c_1_206.csv,118.1544418334961
206,207,c_1_207.csv,118.51611328125
207,208,c_1_208.csv,118.8782730102539
208,209,c_1_209.csv,119.24090576171875
209,210,c_1_210.csv,119.60398864746094
210,211,c_1_211.csv,119.9675064086914
211,212,c_1_212.csv,120.33143615722656
212,213,c_1_213.csv,120.69577026367188
213,214,c_1_214.csv,121.06050109863281
214,215,c_1_215.csv,121.42560577392578
215,216,c_1_216.csv,121.79108428955078
216,217,c_1_217.csv,122.15692901611328
217,218,c_1_218.csv,122.52313232421875
218,219,c_1_219.csv,122.88969421386719
219,220,c_1_220.csv,123.25660705566406
220,221,c_1_221.csv,123.62387084960938
221,222,c_1_222.csv,123.99149322509766
222,223,c_1_223.csv,124.3594741821289
223,224,c_1_224.csv,124.72782135009766
224,225,c_1_225.csv,125.0965347290039
225,226,c_1_226.csv,125.46563720703125
226,227,c_1_227.csv,125.83512115478516
227,228,c_1_228.csv,126.20501708984375
228,229,c_1_229.csv,126.57532501220703
229,230,c_1_230.csv,126.9460678100586
230,231,c_1_231.csv,127.31726837158203
231,232,c_1_232.csv,127.68893432617188
232,233,c_1_233.csv,128.06109619140625
233,234,c_1_234.csv,128.43377685546875
234,235,c_1_235.csv,128.8070068359375
235,236,c_1_236.csv,129.18080139160156
236,237,c_1_237.csv,129.55519104003906
237,238,c_1_238.csv,129.9302215576172
238,239,c_1_239.csv,130.30589294433594
239,240,c_1_240.csv,130.68228149414062
240,241,c_1_241.csv,131.05938720703125
241,242,c_1_242.csv,131.43727111816406
242,243,c_1_243.csv,131.81594848632812
243,244,c_1_244.csv,132.19549560546875
244,245,c_1_245.csv,132.575927734375
245,246,c_1_246.csv,132.95729064941406
246,247,c_1_247.csv,133.33963012695312
247,248,c_1_248.csv,133.72300720214844
248,249,c_1_249.csv,134.10745239257812
249,250,c_1_250.csv,134.49302673339844
250,251,c_1_251.csv,134.87979125976562
251,252,c_1_252.csv,135.2677764892578
252,253,c_1_253.csv,135.6570587158203
253,254,c_1_254.csv,136.04766845703125
254,255,c_1_255.csv,136.439697265625
255,256,c_1_256.csv,136.8331756591797
256,257,c_1_257.csv,137.22817993164062
257,258,c_1_258.csv,137.62477111816406
258,259,c_1_259.csv,138.0229949951172
259,260,c_1_260.csv,138.4229278564453
260,261,c_1_261.csv,138.8246307373047
261,262,c_1_262.csv,139.22817993164062
262,263,c_1_263.csv,139.6336212158203
263,264,c_1_264.csv,140.0410614013672
264,265,c_1_265.csv,140.4505157470703
265,266,c_1_266.csv,140.8621063232422
266,267,c_1_267.csv,141.27586364746094
267,268,c_1_268.csv,141.69189453125
268,269,c_1_269.csv,142.11024475097656
269,270,c_1_270.csv,142.53099060058594
270,271,c_1_271.csv,142.95420837402344
271,272,c_1_272.csv,143.37998962402344
272,273,c_1_273.csv,143.8083953857422
273,274,c_1_274.csv,144.23948669433594
274,275,c_1_275.csv,144.67337036132812
275,276,c_1_276.csv,145.11009216308594
276,277,c_1_277.csv,145.5497589111328
277,278,c_1_278.csv,145.992431640625
278,279,c_1_279.csv,146.4381866455078
279,280,c_1_280.csv,146.88710021972656
280,281,c_1_281.csv,147.33924865722656
281,282,c_1_282.csv,147.7947235107422
282,283,c_1_283.csv,148.25360107421875
283,284,c_1_284.csv,148.7159423828125
284,285,c_1_285.csv,149.1818389892578
285,286,c_1_286.csv,149.6513671875
286,287,c_1_287.csv,150.12460327148438
287,288,c_1_288.csv,150.6016082763672
288,289,c_1_289.csv,151.08248901367188
289,290,c_1_290.csv,151.56729125976562
290,291,c_1_291.csv,152.05612182617188
291,292,c_1_292.csv,152.5490264892578
292,293,c_1_293.csv,153.0460968017578
293,294,c_1_294.csv,153.54739379882812
294,295,c_1_295.csv,154.05300903320312
295,296,c_1_296.csv,154.56300354003906
296,297,c_1_297.csv,155.0774383544922
297,298,c_1_298.csv,155.59640502929688
298,299,c_1_299.csv,156.11996459960938
299,300,c_1_300.csv,156.64817810058594
300,301,c_1_301.csv,157.1811065673828
301,302,c_1_302.csv,157.71884155273438
302,303,c_1_303.csv,158.26141357421875
303,304,c_1_304.csv,158.8089141845703
304,305,c_1_305.csv,159.3614044189453
305,306,c_1_306.csv,159.91891479492188
306,307,c_1_307.csv,160.48153686523438
307,308,c_1_308.csv,161.04931640625
308,309,c_1_309.csv,161.62228393554688
309,310,c_1_310.csv,162.20053100585938
310,311,c_1_311.csv,162.78408813476562
311,312,c_1_312.csv,163.37301635742188
312,313,c_1_313.csv,163.9673309326172
313,314,c_1_314.csv,164.56712341308594
314,315,c_1_315.csv,165.1724090576172
