norm_method,source,target,seed,method,evaluation_count,MAE,RMSE,R2,MAPE_percent
zscore,c1,c4,42,source_only,315,12.221490054660373,16.20288525707781,0.8174860013206093,12.47703600882442
zscore,c1,c4,42,daregram,315,11.957709757486981,15.314517491796957,0.8369510135180347,11.973966068685645
zscore,c1,c4,43,source_only,315,13.081118980286616,16.955520834367373,0.8001363857243965,13.297738456734834
zscore,c1,c4,43,daregram,315,12.607881261431983,15.726209006173603,0.8280668762550617,13.355008096344918
zscore,c1,c4,44,source_only,315,10.332749224465994,14.960705324791405,0.8443978459023102,9.547839964885497
zscore,c1,c4,44,daregram,315,10.756387510753816,15.006389323072543,0.8434461017586452,10.127965538848553
zscore,c1,c4,45,source_only,315,9.536933935256235,14.042593943593495,0.8629098842839216,8.851004289003535
zscore,c1,c4,45,daregram,315,13.229835437593009,16.281243212586055,0.8157164393250099,13.89024817731925
zscore,c1,c4,46,source_only,315,11.666174037872802,15.583118534338485,0.8311814306694855,11.991790871385554
zscore,c1,c4,46,daregram,315,12.927254377092638,17.107915056455163,0.7965275391373544,13.505461522420292
zscore,c1,c6,42,source_only,315,14.688987065875342,24.579311475157787,0.6239884634437973,9.07516264683066
zscore,c1,c6,42,daregram,315,12.41576907445514,16.964212318835692,0.8208861610116799,9.107242410122236
zscore,c1,c6,43,source_only,315,13.38105455428835,21.77392084044594,0.7049232285094047,8.800724403218926
zscore,c1,c6,43,daregram,315,12.643434482150608,17.00430983675607,0.8200384342635271,9.329771730598484
zscore,c1,c6,44,source_only,315,14.701103888617622,24.351823735782727,0.6309164179998741,9.208479165319378
zscore,c1,c6,44,daregram,315,19.067245901198614,24.169123109409668,0.6364337745082598,13.61598832638381
zscore,c1,c6,45,source_only,315,15.624869295150514,23.608612528571175,0.6531012997700716,10.528745627692777
zscore,c1,c6,45,daregram,315,17.696995544433594,23.025794768522594,0.6700174285445587,12.503451297817836
zscore,c1,c6,46,source_only,315,15.494329046824621,25.209291633279083,0.6044667219984858,10.076433472267746
zscore,c1,c6,46,daregram,315,13.972829715789311,19.20077898467152,0.7705439881586154,9.719848900418354
zscore,c4,c1,42,source_only,315,15.920024454025995,19.28932325583409,0.5009849200241452,14.589368364446539
zscore,c4,c1,42,daregram,315,17.58195287310888,23.055799377292466,0.2870812179729012,15.113302471313448
zscore,c4,c1,43,source_only,315,14.29856923421224,16.037211739799588,0.6550648805929337,13.877697453874823
zscore,c4,c1,43,daregram,315,13.322191668313646,20.125014967402464,0.45680956774545123,11.157318795313335
zscore,c4,c1,44,source_only,315,14.26807597326854,16.067702524582845,0.653752016396672,13.768160045061487
zscore,c4,c1,44,daregram,315,13.417927987234933,17.185744803647232,0.6038894544364949,11.917374327436091
zscore,c4,c1,45,source_only,315,12.039770229279048,15.388975021426308,0.6823864097114655,10.764823382078479
zscore,c4,c1,45,daregram,315,13.083895365397135,14.405277079301621,0.7216937753565347,12.982667930777023
zscore,c4,c1,46,source_only,315,15.075895224677192,20.220263029739936,0.4516557560185819,13.483851716522055
zscore,c4,c1,46,daregram,315,13.905018676273407,16.849873425880315,0.6192210137326768,13.024602500434778
zscore,c4,c6,42,source_only,315,14.658614857991536,16.633434496112546,0.8278029892034131,12.278047558337516
zscore,c4,c6,42,daregram,315,14.235151950896732,16.471287705675035,0.8311438628300166,12.677456573608351
zscore,c4,c6,43,source_only,315,14.53259152003697,18.23872863898243,0.7929616168858005,13.025421121539472
zscore,c4,c6,43,daregram,315,19.20359754411001,21.40864383094677,0.7147405387249467,16.229288553885635
zscore,c4,c6,44,source_only,315,19.94586310613723,24.17854356314776,0.6361503032156162,15.720626229870005
zscore,c4,c6,44,daregram,315,15.7774110521589,18.619247652416387,0.7842325144065283,14.046432612504617
zscore,c4,c6,45,source_only,315,13.632269771515377,16.255796118479932,0.8355332043429935,11.840726413792092
zscore,c4,c6,45,daregram,315,24.276653762090774,25.624403529576895,0.5913332786973282,19.650506792816735
zscore,c4,c6,46,source_only,315,13.367988047524104,15.22885080266247,0.85565690689222,11.680554348201069
zscore,c4,c6,46,daregram,315,13.835563205537344,16.131563611340077,0.838037424682289,11.963613300518377
zscore,c6,c1,42,source_only,315,14.352466655912853,19.036275354460372,0.513991747338567,11.942511269898839
zscore,c6,c1,42,daregram,315,6.976191832527282,8.354943724415277,0.9063804076740402,7.223756053916773
zscore,c6,c1,43,source_only,315,23.852816324385387,24.55839952172528,0.19112798863092217,22.891857634909453
zscore,c6,c1,43,daregram,315,10.027220032707094,12.786228168449643,0.7807373857807796,9.277280970134171
zscore,c6,c1,44,source_only,315,25.991294776068795,26.95682028296558,0.025421078341425596,24.579481770426042
zscore,c6,c1,44,daregram,315,6.936280380733431,8.122057807644538,0.91152677873279,6.8939369144752325
zscore,c6,c1,45,source_only,315,17.319147467234778,18.370205527091606,0.5474071193958354,16.083819444009432
zscore,c6,c1,45,daregram,315,9.880452679830885,12.544255594754802,0.7889577169751286,8.777773481801564
zscore,c6,c1,46,source_only,315,20.98997124565972,22.16055499845178,0.3413708420335333,19.43287568706797
zscore,c6,c1,46,daregram,315,3.8669400896344865,5.848014536522342,0.9541333971853937,4.199055642682326
zscore,c6,c4,42,source_only,315,15.06167166573661,26.83947110250693,0.4992057037143992,11.411956183252919
zscore,c6,c4,42,daregram,315,8.627063339475603,11.361092900824337,0.9102671029327966,8.76963327630949
zscore,c6,c4,43,source_only,315,20.297917332724918,25.45716113871159,0.5494620171888862,18.673896435336953
zscore,c6,c4,43,daregram,315,11.078304411872988,14.871766075977021,0.8462424117234807,10.514979048648224
zscore,c6,c4,44,source_only,315,24.450688631572422,28.82055534479654,0.42254764463784467,23.358425034031
zscore,c6,c4,44,daregram,315,16.30484080238948,17.469349929387167,0.7878392921520465,19.2914323575837
zscore,c6,c4,45,source_only,315,13.701551540314204,20.630135657379945,0.7041199832218009,11.551746509196311
zscore,c6,c4,45,daregram,315,16.079455699617903,17.258666139610376,0.7929258333074461,19.36984254976806
zscore,c6,c4,46,source_only,315,17.66165582566034,27.393147327882602,0.4783306348941315,14.23160225655219
zscore,c6,c4,46,daregram,315,12.202320922367157,14.287686256138148,0.8580827205878734,13.637955995795062
minmax,c1,c4,42,source_only,315,12.87777795943003,16.24157724341277,0.816613285042625,13.430512143364146
minmax,c1,c4,42,daregram,315,12.647500961545916,15.6345802797111,0.8300645754838626,13.627651925771175
minmax,c1,c4,43,source_only,315,13.334363652789406,16.350208271155783,0.8141519342775443,14.305792018588908
minmax,c1,c4,43,daregram,315,14.189501093304347,17.074862674661535,0.797312994626163,15.397659611610717
minmax,c1,c4,44,source_only,315,12.336368124825617,15.969850834142449,0.8226981829558037,12.702815977296883
minmax,c1,c4,44,daregram,315,14.374985976446242,16.623324579431035,0.8078912099494452,15.719759595010501
minmax,c1,c4,45,source_only,315,11.627359626406719,15.779200123645513,0.8269062305494866,11.750831897895258
minmax,c1,c4,45,daregram,315,13.813485935756141,16.913324640279708,0.8011299252313229,14.761299977148607
minmax,c1,c4,46,source_only,315,12.738545517694385,16.145890341192406,0.8187677575341396,12.947149265852136
minmax,c1,c4,46,daregram,315,13.458650776696587,16.83743290864132,0.8029106198843983,14.534825802661896
minmax,c1,c6,42,source_only,315,14.1438233390687,22.848718649299613,0.6750732672453925,9.098646658269208
minmax,c1,c6,42,daregram,315,13.017989870101687,17.55491480351515,0.8081953216595263,9.545775644117855
minmax,c1,c6,43,source_only,315,8.975209069630456,12.129107629608622,0.9084371202179978,6.684655380450291
minmax,c1,c6,43,daregram,315,16.48703085278708,21.968274346520438,0.6996320221757899,11.476822085059618
minmax,c1,c6,44,source_only,315,16.14811101035466,23.57663805867066,0.6540403122463583,10.481063803359257
minmax,c1,c6,44,daregram,315,12.996437448168559,17.67308029980144,0.805604483086537,9.30896625727953
minmax,c1,c6,45,source_only,315,15.95290304516989,23.83123713935833,0.6465280789675485,10.306591886900774
minmax,c1,c6,45,daregram,315,18.434810275123233,24.80945654450063,0.61691403087065,12.501357359146764
minmax,c1,c6,46,source_only,315,9.904959203326515,15.024113236171829,0.8595119320073883,7.2930767245493895
minmax,c1,c6,46,daregram,315,12.835130552261594,17.953218677151007,0.7993928604974827,9.06098120534645
minmax,c4,c1,42,source_only,315,16.59630129375155,22.86521800684732,0.2988186106575066,13.870883779675816
minmax,c4,c1,42,daregram,315,17.908833004179456,22.92577291437004,0.2950997571190832,15.562961189473596
minmax,c4,c1,43,source_only,315,12.583578309558687,14.156860751393669,0.7312096899588862,12.29349657595685
minmax,c4,c1,43,daregram,315,12.732660275413876,14.150791696443573,0.7314401017034102,12.886629259328904
minmax,c4,c1,44,source_only,315,14.813945188976469,18.01174193792269,0.5648979598754145,13.556294785665553
minmax,c4,c1,44,daregram,315,12.680992986285498,16.26199255083349,0.6453277556025927,11.191245757397606
minmax,c4,c1,45,source_only,315,12.61130209423247,15.857823158292605,0.6627384524630167,11.283715141675124
minmax,c4,c1,45,daregram,315,11.622871653238933,13.773557281194181,0.7455678858615791,10.969623402243101
minmax,c4,c1,46,source_only,315,15.45922346569243,19.760083550723866,0.4763305474443069,13.741806094426545
minmax,c4,c1,46,daregram,315,13.602446674165272,15.496563390056977,0.6779298453135445,13.1222542750459
minmax,c4,c6,42,source_only,315,13.964664071703714,16.75692078572433,0.825236724058686,12.379345850922444
minmax,c4,c6,42,daregram,315,17.38925027998667,20.17040462341247,0.746784104743206,15.598677661509686
minmax,c4,c6,43,source_only,315,20.312590147956968,21.691954279272277,0.7071406430275452,16.227325832360222
minmax,c4,c6,43,daregram,315,13.313816240098742,14.890070791620994,0.8620075680216204,11.36707182778642
minmax,c4,c6,44,source_only,315,25.126368870810857,31.452449447774324,0.38429782227183207,19.035485204161066
minmax,c4,c6,44,daregram,315,16.6493590279231,18.81633572336646,0.779640463565034,14.141480832828712
minmax,c4,c6,45,source_only,315,12.479532205490841,14.942734829621221,0.8610297230708291,11.199806009792916
minmax,c4,c6,45,daregram,315,15.270095794919937,17.019966115744804,0.8197068917792086,13.002866691302176
minmax,c4,c6,46,source_only,315,15.785336049397786,17.229034800319212,0.8152503432761058,12.816211699264354
minmax,c4,c6,46,daregram,315,15.770431161305261,18.101405137273666,0.7960675574066163,14.410945110329978
minmax,c6,c1,42,source_only,315,13.176568966820126,16.429248866805732,0.6379945539591878,11.45032384180876
minmax,c6,c1,42,daregram,315,14.302446758936322,19.314851703177276,0.49966320336369996,12.610306687568901
minmax,c6,c1,43,source_only,315,10.245410507444351,13.828323146969955,0.7435405378032018,9.085085025900492
minmax,c6,c1,43,daregram,315,8.05435301765563,10.247869214649889,0.8591532481047197,7.8829017664497405
minmax,c6,c1,44,source_only,315,22.22426559206039,24.33888054822324,0.20552381012501142,20.516131541667722
minmax,c6,c1,44,daregram,315,13.722686961340527,17.73461653223187,0.578183763708829,11.870633107922618
minmax,c6,c1,45,source_only,315,27.618265884641616,33.00910424690233,-0.4613261841875771,23.413637562769136
minmax,c6,c1,45,daregram,315,9.1236083984375,12.427642010038044,0.7928632505791399,8.11023198747979
minmax,c6,c1,46,source_only,315,12.115938870868986,15.262287630842689,0.6875942954616217,11.393509384087585
minmax,c6,c1,46,daregram,315,11.336560845753503,14.215014819819023,0.7289968610462361,10.141643157377066
minmax,c6,c4,42,source_only,315,13.06293120611282,23.64596966036797,0.6112899913497161,9.682591462522977
minmax,c6,c4,42,daregram,315,20.111597067212305,21.19948683593156,0.6875632124418176,22.437764155145782
minmax,c6,c4,43,source_only,315,16.05629508608864,24.02493190415292,0.5987308260725168,13.58024398140427
minmax,c6,c4,43,daregram,315,17.28772912403894,18.29850732291291,0.7672215374473745,19.85205853554242
minmax,c6,c4,44,source_only,315,21.6140986003573,27.544475943947884,0.4725509735171829,19.1264632453035
minmax,c6,c4,44,daregram,315,18.524694824218752,19.592656750417188,0.7331310006857272,21.168590719614294
minmax,c6,c4,45,source_only,315,24.52180654132177,34.04025511804968,0.19444150900497814,20.01959068737318
minmax,c6,c4,45,daregram,315,14.95898172287714,16.12429324626732,0.8192522736649126,16.255623856286448
minmax,c6,c4,46,source_only,315,14.93282153417194,22.741234703887084,0.6404663465281385,12.703402918203752
minmax,c6,c4,46,daregram,315,13.244456082298646,14.708927010394467,0.8495911284714301,15.591494464862901
