epoch,cut_index,batch_appearances
1,1,7
1,2,7
1,3,6
1,4,5
1,5,8
1,6,6
1,7,9
1,8,6
1,9,6
1,10,7
1,11,7
1,12,6
1,13,6
1,14,4
1,15,6
1,16,2
1,17,6
1,18,5
1,19,6
1,20,5
1,21,7
1,22,5
1,23,8
1,24,6
1,25,6
1,26,7
1,27,6
1,28,5
1,29,5
1,30,6
1,31,6
1,32,8
1,33,6
1,34,4
1,35,4
1,36,7
1,37,8
1,38,5
1,39,6
1,40,5
1,41,5
1,42,6
1,43,7
1,44,7
1,45,4
1,46,6
1,47,6
1,48,6
1,49,7
1,50,7
1,51,6
1,52,6
1,53,4
1,54,5
1,55,7
1,56,6
1,57,5
1,58,7
1,59,6
1,60,9
1,61,6
1,62,7
1,63,8
1,64,6
1,65,7
1,66,5
1,67,4
1,68,4
1,69,6
1,70,4
1,71,6
1,72,5
1,73,5
1,74,7
1,75,5
1,76,5
1,77,7
1,78,5
1,79,8
1,80,8
1,81,6
1,82,8
1,83,6
1,84,7
1,85,6
1,86,7
1,87,8
1,88,8
1,89,7
1,90,7
1,91,6
1,92,7
1,93,6
1,94,7
2,1,5
2,2,6
2,3,5
2,4,5
2,5,5
2,6,7
2,7,7
2,8,4
2,9,6
2,10,7
2,11,6
2,12,7
2,13,6
2,14,6
2,15,4
2,16,6
2,17,8
2,18,6
2,19,5
2,20,8
2,21,6
2,22,7
2,23,6
2,24,7
2,25,4
2,26,4
2,27,6
2,28,6
2,29,6
2,30,8
2,31,6
2,32,6
2,33,4
2,34,9
2,35,5
2,36,5
2,37,5
2,38,5
2,39,7
2,40,9
2,41,9
2,42,6
2,43,5
2,44,4
2,45,6
2,46,7
2,47,7
2,48,8
2,49,7
2,50,7
2,51,5
2,52,4
2,53,6
2,54,6
2,55,6
2,56,8
2,57,5
2,58,9
2,59,9
2,60,4
2,61,7
2,62,7
2,63,5
2,64,7
2,65,6
2,66,6
2,67,7
2,68,7
2,69,6
2,70,7
2,71,5
2,72,7
2,73,7
2,74,6
2,75,8
2,76,7
2,77,5
2,78,5
2,79,6
2,80,7
2,81,5
2,82,6
2,83,3
2,84,7
2,85,9
2,86,4
2,87,8
2,88,4
2,89,4
2,90,7
2,91,6
2,92,4
2,93,6
2,94,7
3,1,5
3,2,7
3,3,6
3,4,7
3,5,7
3,6,7
3,7,6
3,8,6
3,9,8
3,10,7
3,11,6
3,12,6
3,13,6
3,14,5
3,15,6
3,16,4
3,17,7
3,18,6
3,19,6
3,20,5
3,21,4
3,22,9
3,23,5
3,24,7
3,25,8
3,26,5
3,27,7
3,28,3
3,29,9
3,30,8
3,31,4
3,32,8
3,33,5
3,34,6
3,35,5
3,36,5
3,37,4
3,38,8
3,39,5
3,40,5
3,41,5
3,42,5
3,43,6
3,44,9
3,45,7
3,46,4
3,47,8
3,48,6
3,49,8
3,50,8
3,51,7
3,52,9
3,53,3
3,54,8
3,55,8
3,56,9
3,57,7
3,58,5
3,59,6
3,60,5
3,61,6
3,62,7
3,63,5
3,64,7
3,65,8
3,66,5
3,67,6
3,68,6
3,69,6
3,70,9
3,71,3
3,72,4
3,73,4
3,74,5
3,75,5
3,76,6
3,77,5
3,78,4
3,79,6
3,80,7
3,81,8
3,82,5
3,83,5
3,84,5
3,85,6
3,86,5
3,87,7
3,88,6
3,89,6
3,90,8
3,91,8
3,92,4
3,93,6
3,94,7
4,1,5
4,2,7
4,3,9
4,4,8
4,5,6
4,6,6
4,7,4
4,8,7
4,9,7
4,10,8
4,11,6
4,12,7
4,13,6
4,14,4
4,15,6
4,16,5
4,17,7
4,18,6
4,19,8
4,20,7
4,21,7
4,22,6
4,23,7
4,24,8
4,25,6
4,26,8
4,27,4
4,28,7
4,29,5
4,30,3
4,31,5
4,32,7
4,33,9
4,34,6
4,35,7
4,36,7
4,37,8
4,38,5
4,39,6
4,40,7
4,41,7
4,42,6
4,43,5
4,44,6
4,45,7
4,46,7
4,47,3
4,48,6
4,49,8
4,50,7
4,51,2
4,52,1
4,53,8
4,54,5
4,55,7
4,56,8
4,57,6
4,58,7
4,59,5
4,60,7
4,61,5
4,62,7
4,63,4
4,64,8
4,65,7
4,66,2
4,67,7
4,68,5
4,69,7
4,70,8
4,71,7
4,72,5
4,73,7
4,74,5
4,75,7
4,76,6
4,77,6
4,78,7
4,79,5
4,80,7
4,81,6
4,82,5
4,83,5
4,84,7
4,85,5
4,86,5
4,87,6
4,88,7
4,89,7
4,90,6
4,91,4
4,92,7
4,93,4
4,94,5
5,1,8
5,2,6
5,3,6
5,4,6
5,5,7
5,6,6
5,7,4
5,8,6
5,9,8
5,10,4
5,11,6
5,12,8
5,13,6
5,14,3
5,15,7
5,16,6
5,17,8
5,18,7
5,19,6
5,20,4
5,21,7
5,22,5
5,23,6
5,24,6
5,25,8
5,26,4
5,27,7
5,28,8
5,29,5
5,30,9
5,31,7
5,32,7
5,33,6
5,34,6
5,35,9
5,36,6
5,37,8
5,38,5
5,39,5
5,40,7
5,41,7
5,42,5
5,43,5
5,44,6
5,45,7
5,46,5
5,47,5
5,48,6
5,49,8
5,50,5
5,51,5
5,52,4
5,53,6
5,54,4
5,55,7
5,56,6
5,57,6
5,58,5
5,59,8
5,60,7
5,61,5
5,62,4
5,63,7
5,64,7
5,65,3
5,66,6
5,67,8
5,68,6
5,69,4
5,70,3
5,71,8
5,72,7
5,73,3
5,74,7
5,75,6
5,76,7
5,77,6
5,78,6
5,79,6
5,80,4
5,81,5
5,82,6
5,83,7
5,84,6
5,85,8
5,86,6
5,87,8
5,88,8
5,89,5
5,90,7
5,91,8
5,92,7
5,93,4
5,94,8
6,1,6
6,2,5
6,3,5
6,4,5
6,5,3
6,6,7
6,7,7
6,8,7
6,9,6
6,10,5
6,11,7
6,12,5
6,13,3
6,14,7
6,15,6
6,16,6
6,17,5
6,18,7
6,19,2
6,20,8
6,21,6
6,22,6
6,23,7
6,24,5
6,25,5
6,26,4
6,27,7
6,28,8
6,29,7
6,30,6
6,31,8
6,32,7
6,33,4
6,34,8
6,35,8
6,36,4
6,37,8
6,38,6
6,39,6
6,40,7
6,41,9
6,42,7
6,43,6
6,44,6
6,45,7
6,46,8
6,47,5
6,48,5
6,49,6
6,50,9
6,51,9
6,52,5
6,53,7
6,54,6
6,55,7
6,56,4
6,57,5
6,58,7
6,59,8
6,60,7
6,61,5
6,62,5
6,63,5
6,64,6
6,65,6
6,66,3
6,67,8
6,68,4
6,69,6
6,70,7
6,71,8
6,72,6
6,73,6
6,74,8
6,75,7
6,76,6
6,77,6
6,78,4
6,79,7
6,80,5
6,81,5
6,82,7
6,83,6
6,84,6
6,85,8
6,86,7
6,87,4
6,88,8
6,89,6
6,90,6
6,91,5
6,92,7
6,93,8
6,94,3
7,1,4
7,2,5
7,3,7
7,4,5
7,5,6
7,6,9
7,7,4
7,8,7
7,9,7
7,10,7
7,11,6
7,12,7
7,13,7
7,14,3
7,15,7
7,16,5
7,17,5
7,18,6
7,19,7
7,20,7
7,21,7
7,22,5
7,23,7
7,24,6
7,25,8
7,26,8
7,27,3
7,28,8
7,29,6
7,30,8
7,31,5
7,32,8
7,33,7
7,34,8
7,35,6
7,36,8
7,37,8
7,38,6
7,39,7
7,40,6
7,41,8
7,42,8
7,43,7
7,44,6
7,45,8
7,46,6
7,47,7
7,48,6
7,49,7
7,50,8
7,51,6
7,52,6
7,53,6
7,54,6
7,55,7
7,56,7
7,57,6
7,58,7
7,59,7
7,60,6
7,61,7
7,62,5
7,63,4
7,64,8
7,65,6
7,66,6
7,67,3
7,68,7
7,69,5
7,70,3
7,71,6
7,72,5
7,73,4
7,74,7
7,75,6
7,76,5
7,77,4
7,78,7
7,79,8
7,80,3
7,81,7
7,82,6
7,83,5
7,84,5
7,85,4
7,86,8
7,87,3
7,88,5
7,89,4
7,90,4
7,91,6
7,92,4
7,93,7
7,94,8
8,1,5
8,2,6
8,3,9
8,4,4
8,5,6
8,6,7
8,7,3
8,8,5
8,9,5
8,10,7
8,11,8
8,12,4
8,13,6
8,14,6
8,15,5
8,16,7
8,17,8
8,18,6
8,19,7
8,20,9
8,21,7
8,22,5
8,23,7
8,24,7
8,25,7
8,26,6
8,27,4
8,28,4
8,29,5
8,30,6
8,31,6
8,32,7
8,33,5
8,34,6
8,35,7
8,36,7
8,37,7
8,38,7
8,39,8
8,40,5
8,41,7
8,42,4
8,43,5
8,44,5
8,45,5
8,46,4
8,47,8
8,48,8
8,49,5
8,50,9
8,51,7
8,52,7
8,53,6
8,54,4
8,55,5
8,56,8
8,57,4
8,58,6
8,59,8
8,60,8
8,61,4
8,62,7
8,63,6
8,64,6
8,65,4
8,66,7
8,67,5
8,68,8
8,69,6
8,70,4
8,71,4
8,72,7
8,73,8
8,74,9
8,75,6
8,76,5
8,77,6
8,78,6
8,79,6
8,80,6
8,81,5
8,82,7
8,83,7
8,84,5
8,85,6
8,86,8
8,87,8
8,88,5
8,89,4
8,90,8
8,91,7
8,92,3
8,93,6
8,94,8
9,1,8
9,2,5
9,3,6
9,4,6
9,5,5
9,6,3
9,7,5
9,8,6
9,9,7
9,10,5
9,11,7
9,12,4
9,13,6
9,14,6
9,15,7
9,16,7
9,17,7
9,18,5
9,19,5
9,20,6
9,21,6
9,22,5
9,23,6
9,24,8
9,25,6
9,26,5
9,27,8
9,28,5
9,29,8
9,30,5
9,31,6
9,32,7
9,33,8
9,34,8
9,35,5
9,36,9
9,37,7
9,38,8
9,39,6
9,40,6
9,41,8
9,42,6
9,43,6
9,44,6
9,45,6
9,46,6
9,47,6
9,48,4
9,49,7
9,50,6
9,51,5
9,52,6
9,53,8
9,54,4
9,55,6
9,56,7
9,57,5
9,58,5
9,59,7
9,60,6
9,61,5
9,62,5
9,63,4
9,64,7
9,65,6
9,66,6
9,67,5
9,68,6
9,69,6
9,70,4
9,71,7
9,72,6
9,73,8
9,74,5
9,75,7
9,76,3
9,77,7
9,78,7
9,79,5
9,80,6
9,81,6
9,82,7
9,83,7
9,84,6
9,85,7
9,86,7
9,87,8
9,88,6
9,89,4
9,90,7
9,91,6
9,92,9
9,93,6
9,94,7
10,1,4
10,2,5
10,3,4
10,4,6
10,5,8
10,6,8
10,7,5
10,8,7
10,9,5
10,10,6
10,11,3
10,12,6
10,13,6
10,14,6
10,15,7
10,16,5
10,17,7
10,18,4
10,19,5
10,20,6
10,21,6
10,22,6
10,23,8
10,24,6
10,25,5
10,26,9
10,27,6
10,28,5
10,29,4
10,30,7
10,31,7
10,32,6
10,33,6
10,34,5
10,35,9
10,36,2
10,37,6
10,38,6
10,39,8
10,40,5
10,41,4
10,42,6
10,43,6
10,44,7
10,45,5
10,46,7
10,47,6
10,48,7
10,49,7
10,50,5
10,51,6
10,52,6
10,53,6
10,54,6
10,55,5
10,56,8
10,57,6
10,58,8
10,59,7
10,60,8
10,61,8
10,62,6
10,63,6
10,64,7
10,65,7
10,66,8
10,67,4
10,68,6
10,69,8
10,70,7
10,71,5
10,72,6
10,73,4
10,74,7
10,75,6
10,76,7
10,77,5
10,78,4
10,79,7
10,80,7
10,81,7
10,82,8
10,83,5
10,84,6
10,85,6
10,86,7
10,87,8
10,88,5
10,89,7
10,90,6
10,91,6
10,92,7
10,93,5
10,94,7
11,1,8
11,2,5
11,3,6
11,4,7
11,5,6
11,6,7
11,7,5
11,8,6
11,9,5
11,10,6
11,11,8
11,12,7
11,13,5
11,14,5
11,15,6
11,16,4
11,17,6
11,18,7
11,19,8
11,20,9
11,21,9
11,22,4
11,23,5
11,24,5
11,25,6
11,26,7
11,27,7
11,28,7
11,29,4
11,30,7
11,31,5
11,32,5
11,33,7
11,34,5
11,35,8
11,36,6
11,37,5
11,38,4
11,39,7
11,40,6
11,41,8
11,42,8
11,43,7
11,44,8
11,45,8
11,46,7
11,47,5
11,48,5
11,49,7
11,50,9
11,51,9
11,52,6
11,53,7
11,54,8
11,55,7
11,56,7
11,57,6
11,58,5
11,59,6
11,60,4
11,61,6
11,62,7
11,63,7
11,64,7
11,65,6
11,66,5
11,67,6
11,68,5
11,69,5
11,70,7
11,71,5
11,72,5
11,73,5
11,74,5
11,75,7
11,76,6
11,77,6
11,78,6
11,79,5
11,80,7
11,81,9
11,82,3
11,83,5
11,84,5
11,85,8
11,86,6
11,87,3
11,88,6
11,89,7
11,90,7
11,91,6
11,92,2
11,93,6
11,94,3
12,1,7
12,2,5
12,3,6
12,4,8
12,5,6
12,6,9
12,7,6
12,8,5
12,9,8
12,10,6
12,11,5
12,12,7
12,13,6
12,14,6
12,15,7
12,16,6
12,17,7
12,18,4
12,19,6
12,20,5
12,21,8
12,22,4
12,23,9
12,24,6
12,25,3
12,26,6
12,27,4
12,28,7
12,29,4
12,30,5
12,31,5
12,32,8
12,33,4
12,34,7
12,35,8
12,36,7
12,37,4
12,38,4
12,39,5
12,40,9
12,41,8
12,42,6
12,43,8
12,44,6
12,45,7
12,46,8
12,47,7
12,48,7
12,49,8
12,50,7
12,51,5
12,52,7
12,53,6
12,54,7
12,55,3
12,56,7
12,57,6
12,58,3
12,59,7
12,60,7
12,61,5
12,62,3
12,63,4
12,64,6
12,65,7
12,66,7
12,67,4
12,68,7
12,69,7
12,70,6
12,71,8
12,72,5
12,73,7
12,74,6
12,75,4
12,76,7
12,77,7
12,78,7
12,79,7
12,80,7
12,81,5
12,82,5
12,83,6
12,84,4
12,85,6
12,86,6
12,87,7
12,88,7
12,89,7
12,90,5
12,91,4
12,92,6
12,93,6
12,94,9
13,1,5
13,2,4
13,3,8
13,4,6
13,5,6
13,6,5
13,7,6
13,8,6
13,9,7
13,10,7
13,11,7
13,12,7
13,13,5
13,14,4
13,15,7
13,16,6
13,17,7
13,18,6
13,19,4
13,20,3
13,21,8
13,22,8
13,23,5
13,24,7
13,25,7
13,26,7
13,27,7
13,28,7
13,29,6
13,30,7
13,31,6
13,32,4
13,33,6
13,34,6
13,35,8
13,36,5
13,37,8
13,38,5
13,39,8
13,40,7
13,41,5
13,42,5
13,43,4
13,44,4
13,45,7
13,46,4
13,47,4
13,48,6
13,49,6
13,50,5
13,51,5
13,52,5
13,53,6
13,54,7
13,55,6
13,56,6
13,57,7
13,58,6
13,59,4
13,60,8
13,61,9
13,62,3
13,63,5
13,64,8
13,65,8
13,66,5
13,67,5
13,68,5
13,69,7
13,70,7
13,71,6
13,72,3
13,73,8
13,74,8
13,75,8
13,76,6
13,77,7
13,78,5
13,79,8
13,80,6
13,81,6
13,82,5
13,83,9
13,84,7
13,85,5
13,86,7
13,87,8
13,88,6
13,89,7
13,90,5
13,91,4
13,92,7
13,93,6
13,94,9
14,1,4
14,2,6
14,3,7
14,4,7
14,5,5
14,6,7
14,7,5
14,8,6
14,9,9
14,10,7
14,11,7
14,12,8
14,13,5
14,14,6
14,15,6
14,16,6
14,17,5
14,18,6
14,19,7
14,20,6
14,21,8
14,22,5
14,23,7
14,24,7
14,25,6
14,26,8
14,27,6
14,28,7
14,29,5
14,30,7
14,31,6
14,32,6
14,33,7
14,34,4
14,35,5
14,36,6
14,37,4
14,38,7
14,39,5
14,40,6
14,41,4
14,42,6
14,43,6
14,44,7
14,45,6
14,46,6
14,47,5
14,48,4
14,49,6
14,50,3
14,51,5
14,52,7
14,53,6
14,54,5
14,55,6
14,56,8
14,57,6
14,58,6
14,59,8
14,60,7
14,61,5
14,62,6
14,63,6
14,64,7
14,65,7
14,66,8
14,67,7
14,68,7
14,69,3
14,70,6
14,71,6
14,72,7
14,73,7
14,74,5
14,75,6
14,76,6
14,77,5
14,78,9
14,79,7
14,80,6
14,81,8
14,82,6
14,83,8
14,84,7
14,85,6
14,86,5
14,87,7
14,88,6
14,89,7
14,90,6
14,91,4
14,92,7
14,93,5
14,94,4
15,1,5
15,2,8
15,3,7
15,4,8
15,5,7
15,6,5
15,7,8
15,8,8
15,9,7
15,10,7
15,11,7
15,12,3
15,13,7
15,14,5
15,15,6
15,16,7
15,17,7
15,18,7
15,19,5
15,20,8
15,21,5
15,22,4
15,23,8
15,24,5
15,25,6
15,26,6
15,27,6
15,28,5
15,29,7
15,30,7
15,31,7
15,32,8
15,33,8
15,34,6
15,35,8
15,36,6
15,37,7
15,38,6
15,39,6
15,40,4
15,41,5
15,42,6
15,43,8
15,44,6
15,45,6
15,46,6
15,47,7
15,48,8
15,49,5
15,50,5
15,51,7
15,52,8
15,53,7
15,54,8
15,55,7
15,56,3
15,57,4
15,58,6
15,59,6
15,60,7
15,61,6
15,62,7
15,63,7
15,64,6
15,65,5
15,66,7
15,67,7
15,68,7
15,69,4
15,70,4
15,71,5
15,72,6
15,73,4
15,74,5
15,75,7
15,76,7
15,77,8
15,78,8
15,79,6
15,80,4
15,81,7
15,82,3
15,83,4
15,84,7
15,85,5
15,86,5
15,87,6
15,88,6
15,89,7
15,90,4
15,91,8
15,92,4
15,93,3
15,94,5
16,1,4
16,2,8
16,3,8
16,4,6
16,5,6
16,6,6
16,7,4
16,8,5
16,9,7
16,10,6
16,11,7
16,12,5
16,13,5
16,14,7
16,15,8
16,16,6
16,17,7
16,18,7
16,19,5
16,20,5
16,21,6
16,22,5
16,23,7
16,24,8
16,25,8
16,26,7
16,27,6
16,28,6
16,29,4
16,30,8
16,31,7
16,32,7
16,33,7
16,34,3
16,35,8
16,36,7
16,37,5
16,38,5
16,40,5
16,41,5
16,42,7
16,43,7
16,44,5
16,45,6
16,46,6
16,47,6
16,48,6
16,49,6
16,50,6
16,51,6
16,52,7
16,53,2
16,54,7
16,55,8
16,56,4
16,57,4
16,58,6
16,59,5
16,60,9
16,61,6
16,62,5
16,63,5
16,64,3
16,65,6
16,66,6
16,67,8
16,68,8
16,69,8
16,70,6
16,71,7
16,72,6
16,73,8
16,74,8
16,75,6
16,76,6
16,77,8
16,78,5
16,79,4
16,80,7
16,81,6
16,82,4
16,83,8
16,84,8
16,85,5
16,86,7
16,87,9
16,88,5
16,89,6
16,90,8
16,91,5
16,92,7
16,93,6
16,94,7
17,1,5
17,2,8
17,3,5
17,4,4
17,5,7
17,6,5
17,7,8
17,8,5
17,9,6
17,10,5
17,11,6
17,12,6
17,13,8
17,14,7
17,15,7
17,16,5
17,17,7
17,18,6
17,19,6
17,20,6
17,21,9
17,22,6
17,23,6
17,24,5
17,25,5
17,26,6
17,27,3
17,28,7
17,29,5
17,30,4
17,31,4
17,32,8
17,33,6
17,34,8
17,35,5
17,36,6
17,37,6
17,38,7
17,39,7
17,40,7
17,41,6
17,42,5
17,43,7
17,44,6
17,45,6
17,46,5
17,47,7
17,48,4
17,49,3
17,50,6
17,51,8
17,52,5
17,53,5
17,54,7
17,55,6
17,56,6
17,57,5
17,58,4
17,59,6
17,60,7
17,61,9
17,62,7
17,63,7
17,64,6
17,65,7
17,66,7
17,67,4
17,68,7
17,69,7
17,70,5
17,71,6
17,72,6
17,73,8
17,74,7
17,75,7
17,76,8
17,77,4
17,78,5
17,79,6
17,80,5
17,81,5
17,82,4
17,83,7
17,84,6
17,85,7
17,86,6
17,87,9
17,88,6
17,89,4
17,90,7
17,91,8
17,92,8
17,93,8
17,94,7
18,1,6
18,2,6
18,3,8
18,4,6
18,5,8
18,6,6
18,7,6
18,8,6
18,9,6
18,10,7
18,11,5
18,12,7
18,13,6
18,14,5
18,15,7
18,16,4
18,17,8
18,18,6
18,19,6
18,20,5
18,21,6
18,22,7
18,23,5
18,24,7
18,25,6
18,26,6
18,27,6
18,28,5
18,29,7
18,30,5
18,31,5
18,32,5
18,33,8
18,34,6
18,35,8
18,36,5
18,37,5
18,38,3
18,39,7
18,40,9
18,41,6
18,42,5
18,43,6
18,44,4
18,45,6
18,46,5
18,47,4
18,48,4
18,49,7
18,50,5
18,51,6
18,52,6
18,53,6
18,54,7
18,55,8
18,56,6
18,57,5
18,58,8
18,59,7
18,60,4
18,61,4
18,62,7
18,63,7
18,64,8
18,65,6
18,66,7
18,67,9
18,68,5
18,69,5
18,70,6
18,71,6
18,72,6
18,73,6
18,74,6
18,75,8
18,76,7
18,77,7
18,78,5
18,79,5
18,80,7
18,81,6
18,82,6
18,83,6
18,84,7
18,85,7
18,86,4
18,87,5
18,88,7
18,89,7
18,90,7
18,91,6
18,92,8
18,93,7
18,94,6
19,1,5
19,2,6
19,3,3
19,4,6
19,5,7
19,6,6
19,7,7
19,8,5
19,9,5
19,10,7
19,11,7
19,12,6
19,13,7
19,14,5
19,15,5
19,16,6
19,17,6
19,18,4
19,19,7
19,20,8
19,21,6
19,22,5
19,23,7
19,24,5
19,25,7
19,26,7
19,27,3
19,28,6
19,29,6
19,30,6
19,31,5
19,32,8
19,33,7
19,34,8
19,35,8
19,36,8
19,37,5
19,38,6
19,39,4
19,40,7
19,41,7
19,42,5
19,43,5
19,44,6
19,45,4
19,46,5
19,47,8
19,48,6
19,49,4
19,50,7
19,51,5
19,52,7
19,53,6
19,54,6
19,55,7
19,56,5
19,57,6
19,58,6
19,59,7
19,60,6
19,61,7
19,62,7
19,63,7
19,64,7
19,65,5
19,66,8
19,67,7
19,68,4
19,69,4
19,70,9
19,71,7
19,72,4
19,73,5
19,74,6
19,75,6
19,76,7
19,77,8
19,78,5
19,79,7
19,80,8
19,81,8
19,82,6
19,83,4
19,84,6
19,85,6
19,86,7
19,87,7
19,88,8
19,89,6
19,90,5
19,91,5
19,92,9
19,93,7
19,94,4
20,1,4
20,2,6
20,3,6
20,4,8
20,5,5
20,6,3
20,7,7
20,8,6
20,9,4
20,10,7
20,11,6
20,12,6
20,13,6
20,14,5
20,15,6
20,16,5
20,17,7
20,18,5
20,19,9
20,20,7
20,21,6
20,22,6
20,23,8
20,24,7
20,25,5
20,26,6
20,27,7
20,28,8
20,29,7
20,30,4
20,31,6
20,32,7
20,33,7
20,34,8
20,35,7
20,36,6
20,37,4
20,38,8
20,39,8
20,40,7
20,41,7
20,42,6
20,43,7
20,44,6
20,45,8
20,46,6
20,47,5
20,48,4
20,49,7
20,50,6
20,51,8
20,52,7
20,53,7
20,54,9
20,55,2
20,56,5
20,57,5
20,58,7
20,59,6
20,60,5
20,61,5
20,62,6
20,63,6
20,64,8
20,65,4
20,66,6
20,67,6
20,68,6
20,69,6
20,70,6
20,71,8
20,72,5
20,73,5
20,74,5
20,75,5
20,76,6
20,77,9
20,78,5
20,79,5
20,80,8
20,81,8
20,82,5
20,83,4
20,84,6
20,85,5
20,86,7
20,87,8
20,88,5
20,89,8
20,90,6
20,91,5
20,92,4
20,93,4
20,94,8
21,1,4
21,2,4
21,3,8
21,4,6
21,5,4
21,6,7
21,7,6
21,8,4
21,9,4
21,10,5
21,11,8
21,12,4
21,13,4
21,14,6
21,15,8
21,16,4
21,17,4
21,18,9
21,19,8
21,20,6
21,21,6
21,22,7
21,23,4
21,24,7
21,25,6
21,26,5
21,27,5
21,28,5
21,29,6
21,30,6
21,31,7
21,32,6
21,33,7
21,34,8
21,35,6
21,36,3
21,37,6
21,38,8
21,39,6
21,40,7
21,41,8
21,42,5
21,43,6
21,44,6
21,45,4
21,46,6
21,47,9
21,48,6
21,49,5
21,50,7
21,51,8
21,52,7
21,53,8
21,54,6
21,55,7
21,56,5
21,57,8
21,58,5
21,59,5
21,60,5
21,61,8
21,62,6
21,63,5
21,64,5
21,65,5
21,66,7
21,67,7
21,68,7
21,69,6
21,70,5
21,71,4
21,72,7
21,73,7
21,74,6
21,75,8
21,76,5
21,77,7
21,78,7
21,79,6
21,80,4
21,81,8
21,82,7
21,83,8
21,84,5
21,85,6
21,86,6
21,87,7
21,88,4
21,89,7
21,90,4
21,91,9
21,92,9
21,93,6
21,94,8
22,1,6
22,2,7
22,3,7
22,4,7
22,5,4
22,6,6
22,7,7
22,8,6
22,9,6
22,10,6
22,11,4
22,12,6
22,13,9
22,14,5
22,15,7
22,16,5
22,17,7
22,18,8
22,19,4
22,20,6
22,21,6
22,22,7
22,23,8
22,24,8
22,25,3
22,26,5
22,27,7
22,28,7
22,29,8
22,30,5
22,31,7
22,32,8
22,33,6
22,34,6
22,35,7
22,36,5
22,37,8
22,38,4
22,39,7
22,40,7
22,41,4
22,42,7
22,43,7
22,44,5
22,45,6
22,46,5
22,47,6
22,48,5
22,49,8
22,50,5
22,51,6
22,52,5
22,53,6
22,54,8
22,55,6
22,56,5
22,57,8
22,58,5
22,59,7
22,60,6
22,61,8
22,62,6
22,63,5
22,64,6
22,65,8
22,66,5
22,67,5
22,68,8
22,69,8
22,70,6
22,71,5
22,72,5
22,73,6
22,74,7
22,75,7
22,76,5
22,77,5
22,78,7
22,79,7
22,80,8
22,81,6
22,82,3
22,83,5
22,84,6
22,85,8
22,86,3
22,87,7
22,88,5
22,89,5
22,90,6
22,91,7
22,92,6
22,93,3
22,94,7
23,1,7
23,2,4
23,3,6
23,4,9
23,5,7
23,6,7
23,7,4
23,8,5
23,9,9
23,10,5
23,11,6
23,12,7
23,13,6
23,14,7
23,15,7
23,16,5
23,17,6
23,18,7
23,19,7
23,20,5
23,21,7
23,22,6
23,23,7
23,24,7
23,25,7
23,26,6
23,27,8
23,28,7
23,29,9
23,30,6
23,31,7
23,32,5
23,33,7
23,34,6
23,35,6
23,36,7
23,37,6
23,38,3
23,39,3
23,40,4
23,41,6
23,42,6
23,43,6
23,44,7
23,45,4
23,46,7
23,47,6
23,48,7
23,49,5
23,50,6
23,51,6
23,52,4
23,53,7
23,54,5
23,55,5
23,56,7
23,57,7
23,58,4
23,59,5
23,60,5
23,61,4
23,62,6
23,63,5
23,64,7
23,65,6
23,66,5
23,67,6
23,68,6
23,69,5
23,70,7
23,71,5
23,72,7
23,73,8
23,74,6
23,75,5
23,76,5
23,77,8
23,78,7
23,79,7
23,80,7
23,81,6
23,82,9
23,83,6
23,84,6
23,85,8
23,86,5
23,87,7
23,88,6
23,89,5
23,90,7
23,91,7
23,92,5
23,93,8
23,94,4
24,1,5
24,2,4
24,3,7
24,4,6
24,5,6
24,6,7
24,7,8
24,8,6
24,9,3
24,10,7
24,11,9
24,12,7
24,13,7
24,14,6
24,15,5
24,16,5
24,17,5
24,18,3
24,19,7
24,20,7
24,21,7
24,22,7
24,23,5
24,24,8
24,25,5
24,26,6
24,27,3
24,28,7
24,29,6
24,30,4
24,31,5
24,32,4
24,33,8
24,34,7
24,35,8
24,36,7
24,37,3
24,38,7
24,39,7
24,40,6
24,41,8
24,42,3
24,43,7
24,44,8
24,45,7
24,46,4
24,47,4
24,48,8
24,49,5
24,50,7
24,51,6
24,52,6
24,53,8
24,54,6
24,55,5
24,56,7
24,57,5
24,58,6
24,59,7
24,60,7
24,61,7
24,62,5
24,63,5
24,64,8
24,65,7
24,66,6
24,67,7
24,68,9
24,69,6
24,70,7
24,71,6
24,72,7
24,73,4
24,74,8
24,75,6
24,76,7
24,77,8
24,78,6
24,79,6
24,80,5
24,81,7
24,82,4
24,83,4
24,84,6
24,85,8
24,86,8
24,87,7
24,88,5
24,89,7
24,90,5
24,91,7
24,92,5
24,93,7
24,94,2
25,1,7
25,2,7
25,3,7
25,4,8
25,5,8
25,6,8
25,7,5
25,8,5
25,9,7
25,10,5
25,11,5
25,12,6
25,13,8
25,14,5
25,15,5
25,16,7
25,17,8
25,18,8
25,19,6
25,20,6
25,21,4
25,22,7
25,23,5
25,24,9
25,25,9
25,26,7
25,27,6
25,28,7
25,29,7
25,30,4
25,31,5
25,32,7
25,33,8
25,34,7
25,35,7
25,36,6
25,37,5
25,38,5
25,39,6
25,40,5
25,41,7
25,42,5
25,43,5
25,44,5
25,45,7
25,46,6
25,47,7
25,48,4
25,49,7
25,50,8
25,51,7
25,52,4
25,53,4
25,54,5
25,55,6
25,56,3
25,57,6
25,58,5
25,59,5
25,60,5
25,61,7
25,62,8
25,63,6
25,64,6
25,65,5
25,66,6
25,67,4
25,68,4
25,69,8
25,70,4
25,71,5
25,72,7
25,73,8
25,74,7
25,75,4
25,76,6
25,77,8
25,78,7
25,79,7
25,80,6
25,81,8
25,82,6
25,83,5
25,84,5
25,85,7
25,86,5
25,87,4
25,88,7
25,89,6
25,90,6
25,91,7
25,92,6
25,93,8
25,94,5
26,1,5
26,2,6
26,3,5
26,4,6
26,5,7
26,6,5
26,7,7
26,8,6
26,9,4
26,10,6
26,11,6
26,12,9
26,13,6
26,14,7
26,15,8
26,16,6
26,17,7
26,18,7
26,19,6
26,20,7
26,21,6
26,22,8
26,23,7
26,24,8
26,25,5
26,26,4
26,27,8
26,28,9
26,29,6
26,30,2
26,31,6
26,32,7
26,33,4
26,34,8
26,35,7
26,36,6
26,37,7
26,38,7
26,39,3
26,40,5
26,41,5
26,42,5
26,43,5
26,44,8
26,45,7
26,46,7
26,47,7
26,48,3
26,49,9
26,50,5
26,51,7
26,52,7
26,53,5
26,54,6
26,55,8
26,56,4
26,57,6
26,58,9
26,59,2
26,60,6
26,61,6
26,62,6
26,63,6
26,64,8
26,65,5
26,66,6
26,67,6
26,68,6
26,69,7
26,70,7
26,71,6
26,72,6
26,73,6
26,74,5
26,75,7
26,76,8
26,77,6
26,78,6
26,79,5
26,80,7
26,81,7
26,82,4
26,83,4
26,84,6
26,85,6
26,86,6
26,87,5
26,88,7
26,89,7
26,90,6
26,91,7
26,92,8
26,93,5
26,94,3
27,1,6
27,2,6
27,3,5
27,4,8
27,5,6
27,6,4
27,7,5
27,8,4
27,9,6
27,10,7
27,11,7
27,12,4
27,13,5
27,14,5
27,15,4
27,16,6
27,17,8
27,18,6
27,19,7
27,20,6
27,21,6
27,22,3
27,23,9
27,24,6
27,25,6
27,26,6
27,27,6
27,28,3
27,29,6
27,30,7
27,31,7
27,32,7
27,33,7
27,34,4
27,35,8
27,36,6
27,37,8
27,38,8
27,39,7
27,40,6
27,41,7
27,42,6
27,43,8
27,44,4
27,45,7
27,46,4
27,47,4
27,48,6
27,49,5
27,50,5
27,51,7
27,52,6
27,53,7
27,54,7
27,55,6
27,56,4
27,57,9
27,58,6
27,59,5
27,60,6
27,61,5
27,62,5
27,63,8
27,64,5
27,65,5
27,66,8
27,67,8
27,68,6
27,69,7
27,70,7
27,71,7
27,72,7
27,73,8
27,74,8
27,75,8
27,76,6
27,77,7
27,78,5
27,79,5
27,80,6
27,81,6
27,82,3
27,83,5
27,84,6
27,85,7
27,86,7
27,87,8
27,88,7
27,89,6
27,90,7
27,91,5
27,92,6
27,93,7
27,94,5
28,1,7
28,2,2
28,3,6
28,4,6
28,5,6
28,6,7
28,7,3
28,8,7
28,9,5
28,10,5
28,11,4
28,12,6
28,13,7
28,14,7
28,15,8
28,16,7
28,17,6
28,18,5
28,19,8
28,20,4
28,21,7
28,22,5
28,23,5
28,24,7
28,25,6
28,26,8
28,27,6
28,28,3
28,29,5
28,30,7
28,31,7
28,32,7
28,33,6
28,34,4
28,35,6
28,36,4
28,37,6
28,38,8
28,39,5
28,40,8
28,41,3
28,42,7
28,43,4
28,44,7
28,45,7
28,46,7
28,47,7
28,48,7
28,49,7
28,50,8
28,51,7
28,52,5
28,53,7
28,54,6
28,55,6
28,56,5
28,57,6
28,58,4
28,59,7
28,60,6
28,61,9
28,62,6
28,63,5
28,64,5
28,65,7
28,66,4
28,67,5
28,68,6
28,69,7
28,70,8
28,71,8
28,72,7
28,73,6
28,74,5
28,75,8
28,76,6
28,77,5
28,78,3
28,79,5
28,80,6
28,81,8
28,82,8
28,83,8
28,84,8
28,85,5
28,86,8
28,87,6
28,88,8
28,89,5
28,90,6
28,91,7
28,92,6
28,93,7
28,94,6
29,1,7
29,2,6
29,3,7
29,4,8
29,5,5
29,6,6
29,7,8
29,8,8
29,9,5
29,10,7
29,11,5
29,12,6
29,13,6
29,14,4
29,15,6
29,16,8
29,17,6
29,18,5
29,19,7
29,20,7
29,21,6
29,22,7
29,23,6
29,24,7
29,25,7
29,26,6
29,27,2
29,28,6
29,29,5
29,30,5
29,31,8
29,32,6
29,33,7
29,34,5
29,35,5
29,36,7
29,37,7
29,38,5
29,39,4
29,40,7
29,41,5
29,42,5
29,43,7
29,44,8
29,45,5
29,46,5
29,47,6
29,48,5
29,49,4
29,50,8
29,51,4
29,52,7
29,53,7
29,54,7
29,55,7
29,56,5
29,57,5
29,58,4
29,59,5
29,60,6
29,61,6
29,62,7
29,63,6
29,64,8
29,65,8
29,66,6
29,67,4
29,68,7
29,69,5
29,70,9
29,71,7
29,72,5
29,73,7
29,74,4
29,75,7
29,76,6
29,77,9
29,78,5
29,79,6
29,80,8
29,81,5
29,82,3
29,83,5
29,84,8
29,85,6
29,86,9
29,87,5
29,88,6
29,89,7
29,90,7
29,91,6
29,92,5
29,93,7
29,94,7
30,1,5
30,2,8
30,3,5
30,4,7
30,5,6
30,6,7
30,7,6
30,8,5
30,9,7
30,10,6
30,11,5
30,12,4
30,13,5
30,14,5
30,15,6
30,16,7
30,17,9
30,18,7
30,19,5
30,20,4
30,21,7
30,22,4
30,23,6
30,24,8
30,25,7
30,26,7
30,27,4
30,28,8
30,29,4
30,30,6
30,31,5
30,32,8
30,33,7
30,34,7
30,35,6
30,36,6
30,37,6
30,38,7
30,39,4
30,40,6
30,41,6
30,42,8
30,43,7
30,44,7
30,45,6
30,46,7
30,47,2
30,48,4
30,49,8
30,50,7
30,51,6
30,52,6
30,53,5
30,54,7
30,55,7
30,56,5
30,57,5
30,58,9
30,59,6
30,60,7
30,61,5
30,62,6
30,63,5
30,64,7
30,65,7
30,66,7
30,67,6
30,68,5
30,69,5
30,70,7
30,71,6
30,72,6
30,73,7
30,74,9
30,75,7
30,76,7
30,77,6
30,78,8
30,79,8
30,80,5
30,81,9
30,82,3
30,83,6
30,84,7
30,85,7
30,86,6
30,87,7
30,88,5
30,89,4
30,90,6
30,91,6
30,92,4
30,93,4
30,94,6
31,1,4
31,2,4
31,3,7
31,4,7
31,5,7
31,6,5
31,7,7
31,8,6
31,9,4
31,10,7
31,11,6
31,12,6
31,13,6
31,14,6
31,15,6
31,16,8
31,17,8
31,18,6
31,19,9
31,20,6
31,21,5
31,22,5
31,23,7
31,24,5
31,25,6
31,26,8
31,27,7
31,28,5
31,29,8
31,30,6
31,31,5
31,32,6
31,33,7
31,34,8
31,35,6
31,36,5
31,37,6
31,38,4
31,39,8
31,40,8
31,41,6
31,42,6
31,43,4
31,44,4
31,45,5
31,46,8
31,47,7
31,48,5
31,49,9
31,50,5
31,51,5
31,52,2
31,53,6
31,54,7
31,55,6
31,56,6
31,57,6
31,58,6
31,59,4
31,60,7
31,61,8
31,62,6
31,63,8
31,64,4
31,65,5
31,66,6
31,67,3
31,68,7
31,69,6
31,70,3
31,71,3
31,72,7
31,73,6
31,74,6
31,75,8
31,76,7
31,77,5
31,78,7
31,79,7
31,80,7
31,81,5
31,82,9
31,83,6
31,84,9
31,85,5
31,86,5
31,87,7
31,88,7
31,89,7
31,90,7
31,91,7
31,92,4
31,93,6
31,94,9
32,1,7
32,2,8
32,3,4
32,4,8
32,5,7
32,6,8
32,7,6
32,8,5
32,9,6
32,10,5
32,11,8
32,12,6
32,13,7
32,14,8
32,15,5
32,16,7
32,17,7
32,18,5
32,19,8
32,20,6
32,21,5
32,22,4
32,23,5
32,24,6
32,25,7
32,26,7
32,27,5
32,28,4
32,29,4
32,30,7
32,31,5
32,32,6
32,33,9
32,34,5
32,35,5
32,36,6
32,37,5
32,38,5
32,39,7
32,40,6
32,41,7
32,42,5
32,43,7
32,44,5
32,45,8
32,46,7
32,47,6
32,48,5
32,49,8
32,50,4
32,51,9
32,52,8
32,53,7
32,54,5
32,55,2
32,56,5
32,57,2
32,58,5
32,59,7
32,60,6
32,61,9
32,62,6
32,63,7
32,64,4
32,65,3
32,66,4
32,67,6
32,68,9
32,69,5
32,70,5
32,71,4
32,72,5
32,73,9
32,74,6
32,75,6
32,76,6
32,77,8
32,78,6
32,79,6
32,80,6
32,81,6
32,82,8
32,83,6
32,84,8
32,85,8
32,86,7
32,87,7
32,88,6
32,89,5
32,90,7
32,91,7
32,92,7
32,93,4
32,94,8
33,1,6
33,2,6
33,3,6
33,4,5
33,5,8
33,6,6
33,7,4
33,8,7
33,9,7
33,10,6
33,11,6
33,12,7
33,13,6
33,14,5
33,15,5
33,16,7
33,17,7
33,18,5
33,19,7
33,20,5
33,21,6
33,22,4
33,23,6
33,24,5
33,25,5
33,26,8
33,27,4
33,28,8
33,29,7
33,30,6
33,31,5
33,32,7
33,33,5
33,34,8
33,35,7
33,36,4
33,37,6
33,38,5
33,39,6
33,40,6
33,41,6
33,42,5
33,43,5
33,44,5
33,45,7
33,46,7
33,47,6
33,48,6
33,49,6
33,50,6
33,51,4
33,52,2
33,53,9
33,54,7
33,55,6
33,56,8
33,57,5
33,58,7
33,59,5
33,60,2
33,61,8
33,62,7
33,63,7
33,64,6
33,65,5
33,66,6
33,67,7
33,68,7
33,69,3
33,70,6
33,71,8
33,72,6
33,73,6
33,74,6
33,75,7
33,76,8
33,77,5
33,78,6
33,79,8
33,80,6
33,81,6
33,82,6
33,83,7
33,84,8
33,85,8
33,86,6
33,87,7
33,88,6
33,89,5
33,90,8
33,91,6
33,92,8
33,93,7
33,94,7
34,1,6
34,2,3
34,3,4
34,4,7
34,5,7
34,6,5
34,7,7
34,8,5
34,9,5
34,10,6
34,11,8
34,12,5
34,13,5
34,14,3
34,15,8
34,16,8
34,17,4
34,18,7
34,19,7
34,20,5
34,21,6
34,22,6
34,23,6
34,24,8
34,25,6
34,26,4
34,27,5
34,28,6
34,29,9
34,30,4
34,31,5
34,32,7
34,33,7
34,34,8
34,35,6
34,36,3
34,37,5
34,38,7
34,39,8
34,40,5
34,41,4
34,42,6
34,43,7
34,44,7
34,45,4
34,46,8
34,47,7
34,48,5
34,49,7
34,50,6
34,51,7
34,52,7
34,53,8
34,54,7
34,55,6
34,56,5
34,57,6
34,58,8
34,59,4
34,60,9
34,61,4
34,62,5
34,63,6
34,64,7
34,65,6
34,66,7
34,67,7
34,68,6
34,69,6
34,70,7
34,71,4
34,72,6
34,73,6
34,74,8
34,75,7
34,76,8
34,77,5
34,78,5
34,79,5
34,80,6
34,81,8
34,82,7
34,83,4
34,84,6
34,85,8
34,86,7
34,87,4
34,88,5
34,89,7
34,90,9
34,91,7
34,92,7
34,93,6
34,94,6
35,1,5
35,2,6
35,3,7
35,4,7
35,5,7
35,6,6
35,7,5
35,8,7
35,9,9
35,10,7
35,11,6
35,12,5
35,13,7
35,14,9
35,15,6
35,16,6
35,17,9
35,18,6
35,19,7
35,20,5
35,21,4
35,22,7
35,23,5
35,24,7
35,25,7
35,26,9
35,27,6
35,28,6
35,29,8
35,30,6
35,31,6
35,32,7
35,33,7
35,34,7
35,35,6
35,36,5
35,37,7
35,38,8
35,39,6
35,40,6
35,41,6
35,42,8
35,43,7
35,44,8
35,45,7
35,46,5
35,47,5
35,48,3
35,49,6
35,50,8
35,51,6
35,52,5
35,53,7
35,54,8
35,55,7
35,56,5
35,57,5
35,58,5
35,59,7
35,60,7
35,61,8
35,62,7
35,63,6
35,64,3
35,65,7
35,66,5
35,67,9
35,68,2
35,69,7
35,70,6
35,71,6
35,72,6
35,73,4
35,74,3
35,75,7
35,76,3
35,77,4
35,78,7
35,79,5
35,80,5
35,81,6
35,82,9
35,83,6
35,84,5
35,85,6
35,86,7
35,87,5
35,88,5
35,89,2
35,90,4
35,91,6
35,92,7
35,93,6
35,94,5
36,1,5
36,2,6
36,3,7
36,4,8
36,5,7
36,6,6
36,7,5
36,8,5
36,9,6
36,10,6
36,11,5
36,12,5
36,13,8
36,14,5
36,15,7
36,16,5
36,17,6
36,18,4
36,19,4
36,20,6
36,21,8
36,22,6
36,23,6
36,24,7
36,25,6
36,26,5
36,27,4
36,28,7
36,29,4
36,30,6
36,31,9
36,32,7
36,33,5
36,34,8
36,35,6
36,36,3
36,37,6
36,38,4
36,39,7
36,40,6
36,41,7
36,42,6
36,43,7
36,44,6
36,45,8
36,46,5
36,47,2
36,48,7
36,49,7
36,50,6
36,51,6
36,52,9
36,53,6
36,54,6
36,55,5
36,56,6
36,57,5
36,58,7
36,59,8
36,60,8
36,61,7
36,62,6
36,63,7
36,64,8
36,65,6
36,66,8
36,67,6
36,68,6
36,69,6
36,70,9
36,71,4
36,72,8
36,73,5
36,74,7
36,75,6
36,76,4
36,77,7
36,78,6
36,79,8
36,80,4
36,81,6
36,82,6
36,83,8
36,84,8
36,85,6
36,86,6
36,87,5
36,88,6
36,89,3
36,90,7
36,91,7
36,92,5
36,93,6
36,94,6
37,1,6
37,2,6
37,3,6
37,4,8
37,5,7
37,6,5
37,7,7
37,8,6
37,9,8
37,10,6
37,11,6
37,12,6
37,13,7
37,14,7
37,15,4
37,16,7
37,17,9
37,18,5
37,19,6
37,20,9
37,21,6
37,22,7
37,23,6
37,24,6
37,25,6
37,26,4
37,27,7
37,28,6
37,29,4
37,30,6
37,31,7
37,32,6
37,33,6
37,34,6
37,35,6
37,36,6
37,37,5
37,38,4
37,39,7
37,40,4
37,41,8
37,42,7
37,43,7
37,44,7
37,45,7
37,46,7
37,47,5
37,48,9
37,49,4
37,50,8
37,51,6
37,52,6
37,53,7
37,54,5
37,55,6
37,56,8
37,57,6
37,58,3
37,59,9
37,60,6
37,61,5
37,62,7
37,63,6
37,64,7
37,65,5
37,66,7
37,67,7
37,68,5
37,69,5
37,70,8
37,71,6
37,72,6
37,73,7
37,74,6
37,75,7
37,76,4
37,77,6
37,78,5
37,79,7
37,80,5
37,81,6
37,82,1
37,83,9
37,84,6
37,85,4
37,86,4
37,87,6
37,88,6
37,89,6
37,90,3
37,91,7
37,92,8
37,93,7
37,94,5
38,1,7
38,2,7
38,3,5
38,4,8
38,5,6
38,6,6
38,7,6
38,8,7
38,9,8
38,10,6
38,11,4
38,12,3
38,13,7
38,14,7
38,15,4
38,16,6
38,17,7
38,18,4
38,19,7
38,20,4
38,21,6
38,22,6
38,23,6
38,24,7
38,25,6
38,26,8
38,27,5
38,28,5
38,29,7
38,30,8
38,31,5
38,32,6
38,33,7
38,34,6
38,35,7
38,36,4
38,37,6
38,38,6
38,39,8
38,40,8
38,41,4
38,42,5
38,43,7
38,44,6
38,45,7
38,46,8
38,47,5
38,48,6
38,49,6
38,50,7
38,51,6
38,52,5
38,53,7
38,54,7
38,55,9
38,56,8
38,57,6
38,58,6
38,59,6
38,60,6
38,61,6
38,62,6
38,63,6
38,64,4
38,65,4
38,66,4
38,67,6
38,68,7
38,69,7
38,70,7
38,71,5
38,72,5
38,73,7
38,74,6
38,75,8
38,76,8
38,77,8
38,78,7
38,79,6
38,80,1
38,81,4
38,82,7
38,83,6
38,84,6
38,85,6
38,86,5
38,87,5
38,88,6
38,89,2
38,90,7
38,91,7
38,92,8
38,93,7
38,94,9
39,1,4
39,2,6
39,3,7
39,4,6
39,5,5
39,6,7
39,7,7
39,8,9
39,9,5
39,10,6
39,11,5
39,12,4
39,13,6
39,14,6
39,15,8
39,16,6
39,17,7
39,18,5
39,19,8
39,20,8
39,21,4
39,22,6
39,23,8
39,24,6
39,25,7
39,26,7
39,27,6
39,28,5
39,29,5
39,30,9
39,31,6
39,32,6
39,33,9
39,34,6
39,35,7
39,36,5
39,37,8
39,38,8
39,39,6
39,40,5
39,41,6
39,42,4
39,43,6
39,44,5
39,45,8
39,46,6
39,47,5
39,48,5
39,49,8
39,50,6
39,51,6
39,52,7
39,53,8
39,54,9
39,55,7
39,56,5
39,57,7
39,58,7
39,59,5
39,60,4
39,61,6
39,62,4
39,63,6
39,64,7
39,65,8
39,66,4
39,67,5
39,68,6
39,69,4
39,70,6
39,71,6
39,72,6
39,73,7
39,74,6
39,75,6
39,76,5
39,77,6
39,78,6
39,79,4
39,80,9
39,81,6
39,82,6
39,83,6
39,84,5
39,85,7
39,86,7
39,87,5
39,88,5
39,89,5
39,90,6
39,91,6
39,92,5
39,93,7
39,94,5
40,1,5
40,2,5
40,3,7
40,4,8
40,5,7
40,6,8
40,7,4
40,8,7
40,9,7
40,10,4
40,11,8
40,12,7
40,13,6
40,14,9
40,15,7
40,16,7
40,17,6
40,18,7
40,19,5
40,20,8
40,21,4
40,22,7
40,23,6
40,24,6
40,25,5
40,26,8
40,27,5
40,28,5
40,29,7
40,30,6
40,31,4
40,32,5
40,33,5
40,34,7
40,35,4
40,36,8
40,37,3
40,38,7
40,39,7
40,40,8
40,41,8
40,42,5
40,43,6
40,44,5
40,45,6
40,46,8
40,47,6
40,48,2
40,49,6
40,50,5
40,51,5
40,52,4
40,53,6
40,54,8
40,55,8
40,56,7
40,57,8
40,58,6
40,59,9
40,60,5
40,61,6
40,62,6
40,63,3
40,64,7
40,65,5
40,66,5
40,67,5
40,68,7
40,69,4
40,70,8
40,71,8
40,72,6
40,73,7
40,74,4
40,75,6
40,76,6
40,77,6
40,78,4
40,79,7
40,80,5
40,81,7
40,82,7
40,83,5
40,84,8
40,85,7
40,86,6
40,87,6
40,88,7
40,89,5
40,90,7
40,91,5
40,92,4
40,93,7
40,94,8
41,1,7
41,2,5
41,3,8
41,4,6
41,5,7
41,6,6
41,7,6
41,8,8
41,9,7
41,10,7
41,11,6
41,12,6
41,13,7
41,14,5
41,15,7
41,16,6
41,17,6
41,18,6
41,19,8
41,20,5
41,21,7
41,22,7
41,23,8
41,24,7
41,25,7
41,26,6
41,27,7
41,28,6
41,29,7
41,30,3
41,31,5
41,32,6
41,33,5
41,34,4
41,35,6
41,36,7
41,37,7
41,38,6
41,39,8
41,40,6
41,41,5
41,42,5
41,43,7
41,44,6
41,45,5
41,46,9
41,47,5
41,48,6
41,49,5
41,50,6
41,51,7
41,52,8
41,53,8
41,54,6
41,55,6
41,56,5
41,57,4
41,58,7
41,59,6
41,60,6
41,61,4
41,62,6
41,63,5
41,64,4
41,65,9
41,66,6
41,67,4
41,68,9
41,69,8
41,70,6
41,71,6
41,72,8
41,73,6
41,74,5
41,75,7
41,76,6
41,77,4
41,78,2
41,79,5
41,80,8
41,81,5
41,82,6
41,83,7
41,84,8
41,85,3
41,86,4
41,87,6
41,88,6
41,89,7
41,90,3
41,91,4
41,92,9
41,93,7
41,94,7
42,1,5
42,2,8
42,3,3
42,4,6
42,5,7
42,6,6
42,7,7
42,8,6
42,9,7
42,10,7
42,11,8
42,12,7
42,13,4
42,14,4
42,15,6
42,16,3
42,17,7
42,18,7
42,19,7
42,20,7
42,21,5
42,22,6
42,23,5
42,24,5
42,25,5
42,26,8
42,27,7
42,28,8
42,29,8
42,30,6
42,31,5
42,32,5
42,33,3
42,34,6
42,35,5
42,36,7
42,37,5
42,38,7
42,39,6
42,40,7
42,41,6
42,42,6
42,43,6
42,44,7
42,45,6
42,46,7
42,47,5
42,48,8
42,49,7
42,50,4
42,51,8
42,52,6
42,53,7
42,54,5
42,55,8
42,56,6
42,57,6
42,58,6
42,59,6
42,60,8
42,61,5
42,62,6
42,63,8
42,64,8
42,65,6
42,66,6
42,67,4
42,68,7
42,69,5
42,70,7
42,71,8
42,72,7
42,73,8
42,74,6
42,75,6
42,76,5
42,77,6
42,78,4
42,79,6
42,80,6
42,81,6
42,82,6
42,83,6
42,84,4
42,85,7
42,86,9
42,87,6
42,88,6
42,89,7
42,90,4
42,91,5
42,92,4
42,93,8
42,94,5
43,1,7
43,2,8
43,3,5
43,4,7
43,5,5
43,6,5
43,7,6
43,8,8
43,9,5
43,10,5
43,11,7
43,12,6
43,13,9
43,14,6
43,15,7
43,16,7
43,17,6
43,18,6
43,19,4
43,20,6
43,21,5
43,22,7
43,23,7
43,24,4
43,25,4
43,26,5
43,27,6
43,28,5
43,29,6
43,30,4
43,31,6
43,32,8
43,33,7
43,34,6
43,35,4
43,36,4
43,37,7
43,38,7
43,39,6
43,40,7
43,41,4
43,42,7
43,43,8
43,44,7
43,45,4
43,46,4
43,47,6
43,48,5
43,49,7
43,50,7
43,51,6
43,52,6
43,53,5
43,54,3
43,55,8
43,56,5
43,57,6
43,58,5
43,59,7
43,60,5
43,61,7
43,62,6
43,63,6
43,64,7
43,65,6
43,66,5
43,67,7
43,68,6
43,69,8
43,70,5
43,71,6
43,72,5
43,73,9
43,74,8
43,75,6
43,76,6
43,77,6
43,78,5
43,79,7
43,80,4
43,81,8
43,82,7
43,83,8
43,84,7
43,85,4
43,86,7
43,87,8
43,88,9
43,89,6
43,90,6
43,91,5
43,92,8
43,93,6
43,94,7
44,1,6
44,2,7
44,3,6
44,4,7
44,5,8
44,6,8
44,7,9
44,8,5
44,9,5
44,10,7
44,11,7
44,12,5
44,13,7
44,14,4
44,15,6
44,16,3
44,17,6
44,18,7
44,19,6
44,20,4
44,21,5
44,22,6
44,23,4
44,24,8
44,25,7
44,26,5
44,27,5
44,28,4
44,29,5
44,30,6
44,31,6
44,32,6
44,33,7
44,34,7
44,35,8
44,36,5
44,37,4
44,38,5
44,39,6
44,40,8
44,41,6
44,42,8
44,43,8
44,44,8
44,45,5
44,46,7
44,47,5
44,48,5
44,49,6
44,50,4
44,51,7
44,52,6
44,53,8
44,54,7
44,55,5
44,56,8
44,57,7
44,58,7
44,59,6
44,60,7
44,61,6
44,62,7
44,63,7
44,64,6
44,65,6
44,66,6
44,67,6
44,68,8
44,69,6
44,70,4
44,71,5
44,72,6
44,73,4
44,74,7
44,75,7
44,76,4
44,77,6
44,78,7
44,79,5
44,80,5
44,81,8
44,82,8
44,83,6
44,84,4
44,85,4
44,86,7
44,87,7
44,88,9
44,89,5
44,90,6
44,91,5
44,92,5
44,93,7
44,94,7
45,1,6
45,2,8
45,3,7
45,4,4
45,5,5
45,6,7
45,7,7
45,8,7
45,9,5
45,10,5
45,11,6
45,12,7
45,13,6
45,14,6
45,15,7
45,16,8
45,17,7
45,18,6
45,19,5
45,20,8
45,21,4
45,22,7
45,23,7
45,24,8
45,25,6
45,26,5
45,27,6
45,28,7
45,29,5
45,30,8
45,31,8
45,32,7
45,33,5
45,34,7
45,35,5
45,36,6
45,37,6
45,38,6
45,39,7
45,40,6
45,41,7
45,42,8
45,43,7
45,44,4
45,45,6
45,46,6
45,47,9
45,48,6
45,49,3
45,50,4
45,51,6
45,52,7
45,53,3
45,54,6
45,55,4
45,56,5
45,57,6
45,58,8
45,59,4
45,60,5
45,61,5
45,62,6
45,63,4
45,64,7
45,65,6
45,66,5
45,67,6
45,68,7
45,69,8
45,70,9
45,71,7
45,72,6
45,73,7
45,74,9
45,75,5
45,76,7
45,77,7
45,78,6
45,79,5
45,80,6
45,81,5
45,82,3
45,83,7
45,84,5
45,85,8
45,86,6
45,87,7
45,88,5
45,89,5
45,90,5
45,91,6
45,92,7
45,93,6
45,94,6
46,1,9
46,2,6
46,3,5
46,4,6
46,5,8
46,6,5
46,7,5
46,8,5
46,9,6
46,10,9
46,11,2
46,12,8
46,13,7
46,14,6
46,15,6
46,16,7
46,17,7
46,18,5
46,19,4
46,20,7
46,21,6
46,22,5
46,23,4
46,24,7
46,25,7
46,26,9
46,27,9
46,28,7
46,29,5
46,30,6
46,31,6
46,32,8
46,33,4
46,34,8
46,35,8
46,36,7
46,37,5
46,38,6
46,39,6
46,40,6
46,41,5
46,42,3
46,43,6
46,44,7
46,45,6
46,46,5
46,47,8
46,48,6
46,49,8
46,50,7
46,51,5
46,52,8
46,53,5
46,54,6
46,55,9
46,56,3
46,57,7
46,58,6
46,59,7
46,60,5
46,61,6
46,62,6
46,63,4
46,64,7
46,65,9
46,66,4
46,67,6
46,68,5
46,69,8
46,70,6
46,71,7
46,72,6
46,73,6
46,74,7
46,75,6
46,76,4
46,77,6
46,78,3
46,79,5
46,80,7
46,81,9
46,82,5
46,83,6
46,84,6
46,85,4
46,86,7
46,87,6
46,88,8
46,89,5
46,90,7
46,91,6
46,92,5
46,93,6
46,94,4
47,1,6
47,2,7
47,3,6
47,4,6
47,5,7
47,6,5
47,7,5
47,8,6
47,9,7
47,10,5
47,11,6
47,12,4
47,13,3
47,14,4
47,15,7
47,16,5
47,17,6
47,18,6
47,19,3
47,20,8
47,21,8
47,22,5
47,23,7
47,24,8
47,25,7
47,26,6
47,27,9
47,28,8
47,29,7
47,30,6
47,31,6
47,32,6
47,33,7
47,34,3
47,35,5
47,36,7
47,37,8
47,38,9
47,39,6
47,40,6
47,41,7
47,42,5
47,43,6
47,44,7
47,45,5
47,46,5
47,47,6
47,48,8
47,49,6
47,50,8
47,51,5
47,52,8
47,53,6
47,54,8
47,55,6
47,56,7
47,57,5
47,58,6
47,59,7
47,60,6
47,61,7
47,62,6
47,63,6
47,64,7
47,65,7
47,66,3
47,67,9
47,68,6
47,69,5
47,70,7
47,71,7
47,72,7
47,73,6
47,74,9
47,75,4
47,76,8
47,77,6
47,78,3
47,79,6
47,80,6
47,81,5
47,82,7
47,83,4
47,84,7
47,85,4
47,86,8
47,87,6
47,88,5
47,89,6
47,90,5
47,91,4
47,92,7
47,93,6
47,94,4
48,1,6
48,2,7
48,3,5
48,4,7
48,5,5
48,6,6
48,7,7
48,8,5
48,9,6
48,10,7
48,11,7
48,12,7
48,13,7
48,14,7
48,15,7
48,16,8
48,17,5
48,18,8
48,19,4
48,20,7
48,21,6
48,22,5
48,23,8
48,24,5
48,25,5
48,26,4
48,27,6
48,28,7
48,29,3
48,30,6
48,31,5
48,32,6
48,33,6
48,34,6
48,35,7
48,36,6
48,37,6
48,38,7
48,39,5
48,40,9
48,41,5
48,42,7
48,43,8
48,44,7
48,45,6
48,46,6
48,47,6
48,48,7
48,49,5
48,50,5
48,51,7
48,52,7
48,53,7
48,54,6
48,55,7
48,56,6
48,57,4
48,58,6
48,59,5
48,60,6
48,61,5
48,62,8
48,63,5
48,64,7
48,65,5
48,66,8
48,67,7
48,68,8
48,69,6
48,70,3
48,71,8
48,72,5
48,73,6
48,74,6
48,75,6
48,76,6
48,77,7
48,78,6
48,79,5
48,80,6
48,81,7
48,82,7
48,83,5
48,84,8
48,85,7
48,86,6
48,87,4
48,88,4
48,89,4
48,90,6
48,91,5
48,92,7
48,93,7
48,94,7
49,1,4
49,2,6
49,3,7
49,4,6
49,5,8
49,6,6
49,7,4
49,8,6
49,9,6
49,10,7
49,11,9
49,12,7
49,13,7
49,14,6
49,15,6
49,16,6
49,17,6
49,18,7
49,19,6
49,20,7
49,21,7
49,22,7
49,23,9
49,24,8
49,25,5
49,26,5
49,27,8
49,28,7
49,29,7
49,30,5
49,31,6
49,32,6
49,33,5
49,34,8
49,35,5
49,36,9
49,37,5
49,38,9
49,39,5
49,40,7
49,41,4
49,42,8
49,43,8
49,44,5
49,45,5
49,46,6
49,47,3
49,48,8
49,49,7
49,50,3
49,51,6
49,52,6
49,53,5
49,54,6
49,55,6
49,56,7
49,57,6
49,58,5
49,59,6
49,60,7
49,61,6
49,62,5
49,63,5
49,64,7
49,65,7
49,66,4
49,67,7
49,68,9
49,69,7
49,70,5
49,71,4
49,72,5
49,73,5
49,74,6
49,75,5
49,76,5
49,77,6
49,78,5
49,79,9
49,80,5
49,81,5
49,82,6
49,83,3
49,84,6
49,85,8
49,86,6
49,87,4
49,88,6
49,89,4
49,90,7
49,91,4
49,92,7
49,93,8
49,94,8
50,1,4
50,2,7
50,3,6
50,4,7
50,5,3
50,6,8
50,7,7
50,8,9
50,9,8
50,10,7
50,11,5
50,12,7
50,13,8
50,14,3
50,15,6
50,16,4
50,17,5
50,18,7
50,19,6
50,20,9
50,21,8
50,22,8
50,23,5
50,24,6
50,25,6
50,26,4
50,27,6
50,28,6
50,29,7
50,30,4
50,31,7
50,32,5
50,33,8
50,34,8
50,35,7
50,36,6
50,37,7
50,38,7
50,39,6
50,40,6
50,41,6
50,42,6
50,43,9
50,44,5
50,45,9
50,46,7
50,47,6
50,48,6
50,49,7
50,50,5
50,51,5
50,52,5
50,53,5
50,54,7
50,55,7
50,56,8
50,57,6
50,58,6
50,59,4
50,60,5
50,61,8
50,62,5
50,63,5
50,64,6
50,65,7
50,66,8
50,67,8
50,68,6
50,69,6
50,70,8
50,71,6
50,72,6
50,73,5
50,74,7
50,75,5
50,76,6
50,77,3
50,78,6
50,79,6
50,80,5
50,81,5
50,82,5
50,83,5
50,84,3
50,85,5
50,86,5
50,87,8
50,88,9
50,89,7
50,90,6
50,91,5
50,92,6
50,93,3
50,94,5
